M_A2_1,M_A2_2,M_H,pt_l1,pt_l2,pt_jet1,pt_jet2,pt_jet3,pt_jet4,E_l1,E_l2,E_j1,E_j2,E_j3,E_j4,eta_l1,eta_l2,eta_j1,eta_j2,eta_j3,eta_j4,phi_l1,phi_l2,phi_j1,phi_j2,phi_j3,phi_j4,MZ,pt_z,eta_z,phi_z,pt_A2_1,pt_A2_2,eta_A2_1,MH,pt_H,eta_H,phi_H,eta_A2_2,phi_A2_1,phi_A2_2,MA3,pt_A3,eta_A3,phi_A3,cos_j1j2,cos_j1j3,cos_j1j4,cos_j2j3,cos_j2j4,cos_j3j4,cos_j1lep1,cos_j1lep2,cos_j2lep1,cos_j2lep2,cos_j3lep1,cos_j3lep2,cos_j4lep1,cos_j4lep2,cos_lep1lep2,DR_j1j2,DR_j1j3,DR_j1j4,DR_j2j3,DR_j2j4,DR_j3j4,DR_j1lep1,DR_j1lep2,DR_j2lep1,DR_j2lep2,DR_j3lep1,DR_j3lep2,DR_j4lep1,DR_j4lep2,DR_lep1lep2,DPhi_j1j2,DPhi_j1j3,DPhi_j1j4,DPhi_j2j3,DPhi_j2j4,DPhi_j3j4,DPhi_j1lep1,DPhi_j1lep2,DPhi_j2lep1,DPhi_j2lep2,DPhi_j3lep1,DPhi_j3lep2,DPhi_j4lep1,DPhi_j4lep2,DPhi_lep1lep2,DTheta_j1j2,DTheta_j1j3,DTheta_j1j4,DTheta_j2j3,DTheta_j2j4,DTheta_j3j4,DTheta_j1lep1,DTheta_j1lep2,DTheta_j2lep1,DTheta_j2lep2,DTheta_j3lep1,DTheta_j3lep2,DTheta_j4lep1,DTheta_j4lep2,DTheta_lep1lep2,xs_weight,DPhi_A2A2,DPhi_A2H2_1,DPhi_A2H2_2,DPhi_A2Z0_1,DPhi_A2Z0_1.1,DPhi_H2Z0,DR_A2A2,DR_A2H2_1,DR_A2H2_2,DR_A2Z0_1,DR_A2Z0_1.1,DR_H2Z0,DTheta_A2A2,DTheta_A2H2_1,DTheta_A2H2_2,DTheta_A2Z0_1,DTheta_A2Z0_1.1,DTheta_H2Z0,cos_A2A2,cos_A2H2_1,cos_A2H2_2,cos_A2Z0_1,cos_A2Z0_2,cos_H2Z0_2
649.9537984406891,648.2932127914032,816.2862386363413,27.97040367126465,143.64251708984375,345.38861083984375,154.54327392578125,451.5960693359375,228.0482940673828,51.084754001779565,146.335058415248,1189.9983681056892,155.42872370181678,455.6417810887074,232.48771841969318,1.2103567123413088,-0.19332081079483032,1.9081006050109848,-0.021493852138519245,0.09409404546022417,0.03655341640114779,-2.75403094291687,-1.1130164861679075,3.105428457260132,1.1117372512817385,-0.3584118187427521,2.8641262054443364,133.80456335989223,144.40132785955447,0.10234557111696653,-1.3074612036238389,225.0511444594521,315.22128572385986,0.22425546453013392,816.2862386363413,336.98393876281045,0.19374354950443096,-0.7732469289510533,1.9930625229707744,-0.4404375986130756,2.641931607074353,1878.0449378628894,91.51484706408995,3.268806090477306,-1.9694317552323328,-0.13969067903928933,-0.18439779074000048,0.3166966734660644,0.0979949677892116,-0.18121917971231952,-0.9882391806057886,0.9456499424334368,-0.3178379101550359,-0.4280129122736485,-0.5928973939232408,-0.3218419936661106,0.6940689484345244,0.4611366526094097,-0.6649648416366685,-0.19749073785766968,2.774552106891789,3.352510432931409,1.8870388591453962,1.4746860174847969,1.7533500882755844,3.0611881214459644,0.8163272530198871,2.946035426893605,2.713182874658941,2.2313793258917785,2.642921362731256,0.8074871538891151,1.349102156836668,2.3174716190584985,2.1594534114485313,1.9936912059783936,-2.8193450311767023,0.2413022518157959,1.4701490700244904,-1.7523889541625977,3.060647282992498,-0.4237259070025843,-2.0647403637515467,-2.417417112980978,2.224753737449646,2.395619124174118,0.7546046674251556,-0.6650281588183802,-2.3060426155673426,-1.6410144567489624,-1.2977134706101163,-1.1822657678329764,-1.2396759942915117,0.11544770277714013,0.0580374763186049,-0.057410226458535225,-0.2848338126433025,-1.4683490530486274,1.0128796579668142,-0.17063558243851085,0.897431955189674,-0.28608328521565096,0.9548421816482092,-0.2286730587571157,-1.1835152404053249,0.00024173040583264083,-3.082369205687429,0.3328093303379777,-2.8680067711541795,0.8670236050107631,-2.333792496481394,0.5342142746727854,3.5538258722339773,0.3342050677631159,3.385706958326754,0.8755523706540173,3.0035642175023014,0.5419764586377213,1.077511057082629,-0.02985637972057908,-1.107367436803208,-0.12023173732051615,-1.1977427944031451,-0.09037535759993708,-0.04801049140238937,0.9470230400919638,-0.06849525723372668,0.6503659754750325,-0.08569073130676325,0.8598757271209114
363.9286748755238,363.6681370407139,635.3757113540572,152.9392852783203,81.4251480102539,193.0388336181641,156.533935546875,387.95507812499983,114.23348999023438,153.30226154764478,81.4882103183421,200.93696528189344,322.17093967267084,440.4667584936467,125.65650863841664,0.06888247281312944,-0.03935433924198151,0.26385873556137074,-1.3404583930969238,0.5062991976737977,0.4033869802951814,-2.6455466747283936,-1.3411720991134644,2.9392609596252437,1.8481154441833496,-0.19360508024692535,1.8322107791900637,135.99598025775063,191.2532721937936,0.038358087983959434,-2.2222981632596146,299.42515854571565,352.99457289803144,-0.6997083833645932,635.3757113540572,349.91896035155776,-0.5925466583302579,3.0348927441323097,0.6646130477553811,2.4569939520137787,0.10133843508709416,1321.6037177836156,73.04877913221564,0.4322768574673714,1.5262273708117884,-0.0064105136506273615,-0.7338280988463741,0.4979802136860139,-0.6037086363555021,0.11875689624270434,-0.1801844536192985,0.7559621445613774,-0.4143168261079941,-0.16600454760380975,-0.4546669690942388,-0.6484168116355654,0.344506073523964,-0.18793431012740586,-0.9376907504839128,0.2597493346108202,1.940214417319733,3.142232805101114,1.115808331695038,2.7530231199445305,1.743917900782488,2.0284281650658,0.7250842136862855,2.0255751621124047,2.2778575279574453,3.356348481954248,2.4906527204602726,1.27068794168314,1.8361544049607863,3.1411607763164464,1.3088576091364863,1.0911455154418943,3.132866039872169,1.1070501804351809,2.041720524430275,0.015904664993286133,-2.0258158594369893,-0.6983776728259485,-2.0027522484408777,-1.789523188267843,-3.0938977638827723,2.451941594481468,1.147567018866539,-1.8054278532611288,-3.1098024288760584,-1.3043745756149292,-1.3196780392435277,0.2251099076423151,0.1320228150419973,1.5447879468858428,1.4517008542855248,-0.09308709260031778,-0.19202120204939369,-0.3001934519283729,1.127656837194134,1.0194845873151548,-0.4171311096917088,-0.525303359570688,-0.32404401709139097,-0.4322162669703702,-0.10817224987897922,0.00024173040583264083,2.3556555169266846,-0.577898792118531,-2.933554309045216,-1.6038931919061934,2.3236365983467087,-1.0259943997876615,2.7222207628773205,0.5877504991443152,3.191581333872456,1.7655637873415793,2.4065498781065333,1.2044522851974881,1.2692190293191563,0.08810399520388668,-1.18111503411527,0.6870884138709918,-0.5821306154481647,0.5989844186671052,-0.8094668694268501,0.8865319926644348,-0.9833525458040451,-0.049512830438951716,-0.5335693806055826,0.4182051197440993
180.29381150592602,161.8901620277794,633.1798988188142,289.43328857421875,48.367469787597656,132.26162719726562,59.674293518066385,188.58905029296875,137.17733764648438,297.1959077378825,91.73201623460973,297.9927653190173,279.93459673279165,211.0164517730676,246.8257531561455,0.23108884692192086,1.2550665140151978,1.4485433101654048,2.2247965335845947,-0.44523239135742204,-1.1869847774505613,-1.5001158714294434,3.015071392059326,0.8080399632453918,-1.4373515844345093,2.018351793289185,2.55110239982605,222.46505277620025,283.94619556486873,0.492062610462002,-1.6679414186012211,105.80640540481647,314.56831215663965,2.330374190982897,633.1798988188142,256.3879350993621,1.7081223293655523,-1.2870341362896875,-0.8264952433909036,0.35193174405966016,2.2416915853412465,1363.6409312712926,123.78267401752213,1.873820968740048,3.1395263802518,0.8152990585420078,-0.2315775348642975,-0.7854756532591782,-0.5929420415635553,-0.8894949954294845,0.7836672900873468,-0.08822907093659801,0.6213308503413808,0.4295081876223091,0.8011118920783131,-0.9175454659733498,-0.0950230099302477,-0.5222424418811477,-0.4416922688995866,0.09232612836763404,2.375784558679727,2.247496637065833,3.1597903345682883,3.8889212542074745,4.111695946773604,0.9132468510979184,2.609555273837856,2.2154956552476075,1.9946953891709411,2.071730441517908,2.8462385809841346,1.9709049510780168,2.6443542980456853,2.485735652860848,2.043121960432207,2.2453915476799007,-1.2103118300437927,-1.7430624365806582,2.8274819294558924,2.2947313229190267,-0.5327506065368652,2.3081558346748348,-2.2070314288139343,0.06276428699493407,1.8307623306857508,-2.7647176424609583,-0.9967195987701416,-2.231967035924093,-0.4639689922332764,1.7679980436908167,0.2461147952125912,-1.5405507493215866,-2.0878037982228244,-1.7866655445341777,-2.333918593435416,-0.5472530489012377,-0.880279639175235,-0.0939259696365023,-1.1263944343878258,-0.3400407648490935,0.6602711101463516,1.4466247796850844,1.2075241590475894,1.993877828586322,0.7863536695387326,0.00024173040583264083,-1.8897598412815864,1.6389658803493476,-2.754459585548652,2.019873162660881,-2.373552303237118,0.3809072823115336,3.679268525590945,1.7531133837363635,3.743171629587225,2.7311677100308027,2.715206318156949,1.2743200530705543,-2.1227283107519703,-0.16461233296145508,1.9581159777905144,-0.9035583325282176,1.219169978223752,-0.7389459995667627,-0.7102558668130403,0.9142612121198744,-0.8741038333881341,0.3728502563673777,-0.7795697314281892,0.7167947774263799
228.68068217757886,216.20707376265065,433.0693809704203,207.7849884033203,35.40388488769531,138.71394348144528,73.04981994628906,116.94552612304683,103.3039321899414,250.650819434734,100.57139117566359,146.0213638360502,151.42463647792218,128.67446194787098,436.20289601598205,-0.6317782402038575,-1.7046649456024168,-0.2968885004520417,-1.3505716323852532,0.4208731353282928,2.1164183616638192,2.470010995864868,0.5536282658576965,1.8896560668945312,-0.8231415152549744,-1.1484227180480957,-1.2518067359924316,170.31927008494787,198.60538975121352,-1.0029834041514327,2.301491460025892,78.39972057852715,219.956392869398,-1.5339811914463215,433.0693809704203,258.97945731663066,-1.2350862551037871,2.0805103923068278,1.5094211456936943,1.4918428326769153,-1.1969102345493128,1210.7079260092046,50.71617745994874,1.0748028093469184,2.70820096803543,-0.17068229721527806,-0.988536340724279,-0.5075940702034085,0.07454269051972554,-0.7442971707623051,0.6030199810133908,0.8251118460621594,0.34840491674898266,0.09098328740911188,0.8511902934168738,-0.8981734274808342,-0.4144841243995652,-0.7079224100857181,-0.9286496925896378,0.4246210194718155,2.9102437808947874,3.121714988482537,3.961418755024255,1.801062027235664,3.493389971117779,1.6986941660332815,0.6700469993748228,1.9408258048221505,3.0752170756153925,1.421575571206167,2.8651310567279,2.7230295050368585,3.7567523765121136,4.226141643032596,2.1962715338706897,2.7127975821495056,3.038078784942627,3.141462802886963,0.3252812027931213,0.4286652207374573,0.10338401794433594,-0.5803549289703369,1.3360278010368347,2.990032796059744,-1.376769781112671,2.6647515932666224,-1.7020509839057922,2.5613675753222864,-1.805435001850128,1.916382730007172,-0.7711406019319635,0.7015921615814216,1.6236478154187486,1.4727327635133851,2.3947884173507124,0.922055653837327,-0.30089074288395445,-0.91843927479303,0.4702498590480091,-0.14729867286106654,-1.002482904465376,-1.6200314363744517,-1.9245385583027033,-2.5420870902117794,-0.6175485319090757,0.00024173040583264083,2.6887530672262283,-0.588667559629912,3.0057646803234466,-0.8096486273489767,2.784783612604381,-0.22098106771906467,4.060996286901498,0.6602027557741971,4.070250875131906,0.9682404401181302,3.750626133209281,0.3204752185590464,2.281669436736275,0.14116516338685248,-2.1405042733494226,0.2782525428661611,-2.003416893870114,0.1370873794793086,-0.9824374747663625,0.9528479954395234,-0.9893593360389134,0.8788539022252421,-0.9471337479430882,0.982186494581898
354.93349645734656,354.4019276923993,998.1141637424927,439.1523132324219,93.7778091430664,774.7267456054688,283.8620910644531,183.98178100585938,96.56625366210936,471.4695262251329,107.65573745040402,816.7859467112837,290.30881152092064,202.0633880951038,403.9809044714721,-0.3813258707523345,0.5375403761863708,-0.2603093683719636,0.18335783481597898,0.430731475353241,2.1087501049041752,1.302259087562561,1.6057052612304688,-1.7656848430633545,-1.315008521080017,2.507270097732544,-1.3927464485168457,202.60968663587659,529.3877920991216,-0.22233918635178912,1.355216324753408,131.83432247720407,1037.6388510402955,1.990821526515583,998.1141637424927,531.4273684003447,0.6261650705949579,1.604383960607204,-0.14559889834074713,3.0352450196050773,-1.6462429514488874,2224.935094074972,512.6394717480616,0.3868953180202953,-1.7592900465626515,0.8098983269110509,-0.4793328505167132,-0.03172483312599009,-0.624849877239775,0.4106407174519213,0.2354169646605184,-0.8056886166975007,-0.9452762019295272,-0.8589361112396213,-0.7467813752350209,0.15677875125919544,0.6932451503127104,-0.5542886291634072,0.27058023108635304,0.5956107456608777,0.6324157923241954,2.125691316637375,2.398233898944459,2.473308603244289,1.9269609697857266,2.9146594765415674,3.0703297795697404,3.0191249590635265,2.6774908818862486,2.942110513014427,1.4530962349393497,0.9078696468734896,3.6692687560385067,3.3851754263707026,0.967674924794952,-0.4506763219833374,2.0102303663836882,-0.3729383945465088,2.4609066883670248,0.07773792743682861,-2.3831687609301966,-3.0679439306259155,2.911795202885763,-2.617267608642578,-2.9207137823104863,1.205011010169983,0.9015648365020752,-2.6950055360794067,-2.9984517097473145,-0.3034461736679077,0.4397573760120623,0.6754172814134051,1.5866175943504388,0.23565990540134266,1.1468602183383765,0.911200312937034,-0.1149884455605006,0.7707978757169007,-0.5547458215725629,0.3310404997048384,-0.7904057269739055,0.09538059430349577,-1.7016060399109394,-0.8158197186335381,0.8857863212774013,0.00024173040583264083,-1.6016973361256213,1.4308610589978732,3.0325583951234947,1.6800286948516692,-3.001459276202296,0.249167635853796,2.670154787328857,1.9772836450146336,3.1292219549883926,2.7785925855556117,3.002440150694902,0.8843325080611483,-1.444397036333891,-0.7104588385593538,0.7339381977745371,-1.5198394812995502,-0.07544244496565923,-0.8093806427401963,-0.14748142376335086,0.5661670003407454,-0.8982557694078329,-0.23926045338323604,-0.9244386910120992,0.6648880172612376
141.86187015017504,125.93853295993132,616.4725865544177,254.3675079345703,30.045379638671875,107.68900299072266,101.29386138916016,134.70892333984378,87.08659362792969,366.5099135377153,81.48784516529514,120.34905629781534,103.78439320445942,170.51070082820118,111.65725300881323,0.907540500164032,-1.6550289392471311,0.39585039019584656,0.07468754798173904,-0.6940204501152039,-0.716072678565979,0.4092231094837189,0.08049646764993668,-2.0172414779663086,2.9556684494018555,3.0282135009765625,1.8726257085800169,291.958602468308,282.97037960655206,0.6236013160476724,0.37493791567914136,165.76169737192262,187.60320734675383,0.30487550678531683,616.4725865544177,119.94933636252571,1.4419439876318672,0.21182296286664926,-0.8095159733801305,-2.648871223320837,2.589512608789706,942.6786414993837,130.69917157579658,0.5157641320459987,1.9016981228824863,0.2660369220859397,0.01614611214241287,-0.7669480955562783,0.7504875261186355,0.3228937282993806,0.6234867049444133,-0.21447779298728786,-0.5216593649621343,-0.5194287990183045,-0.424008464395702,-0.9132317423163002,0.268955914280932,-0.3836980955535396,0.5073187687087833,-0.4270329361360448,1.3490615783421493,1.6491800429296013,2.639004459525644,0.7721235463617118,1.3410008629142185,1.1557981859803927,2.4798300673208,2.9337025262311007,2.679184187238637,3.355373757250098,3.069871031198406,3.1004149762164985,2.185787483079628,2.023206879107759,2.5835679470173334,1.3102753798114222,1.2377303282367151,2.3933181206332605,-0.07254505157470703,1.0830427408218384,1.1555877923965454,-2.4264645874500275,-2.0977379456162453,2.5464453399181366,2.875171981751919,2.618990391492844,2.9477170333266263,1.4634025990962982,1.7921292409300804,0.3287266418337822,-0.311281475037003,-1.0300992237006656,-1.047614616450822,-0.7188177486636627,-0.736333141413819,-0.017515392750156344,0.41783012529410996,-1.5790751970886816,0.7291116003311129,-1.2677937220516786,1.4479293489947755,-0.548975973388016,1.465444741744932,-0.5314605806378596,-1.9969053223827915,0.00024173040583264083,1.0448014750690433,-2.8606941861874864,2.3776896459230565,-3.0238091389999786,2.2145746931105643,-0.16311495281249214,1.5275727456889854,3.0783917809501715,3.274519813403159,3.0405604500798433,2.63783362565243,0.834440660542485,-1.0335568173794,0.8061322947403846,1.8396891121197845,0.28645813911793017,1.32001495649733,-0.5196741556224544,0.1583726970847379,-0.1466402201069632,-0.8387410511844313,-0.6262466677033189,-0.7419261398213568,0.8630301014150602
253.68652949632641,228.99076528082387,411.3394843799464,55.63438415527343,39.12131118774414,210.22427368164062,74.2458724975586,159.12838745117188,84.5979766845703,82.16145657369405,40.55049623870271,434.08317101538864,86.86084455067234,174.8158969686843,103.83810169819988,0.9413872361183168,-0.2694878280162812,1.3526601791381838,0.526817262172699,-0.4096819460391997,-0.6222330927848815,-2.765243530273437,-3.1299734115600586,1.6594886779785156,-0.5796582698822021,-2.0039229393005367,0.5514976382255554,62.34604834345035,93.23252331024662,0.5114354175966646,-2.9154817332158953,174.24702720200264,100.24639107500336,1.6141096105307846,411.3394843799464,155.2307893970174,1.8273921926147167,1.8808498130573683,-1.0339725549223069,1.3185001725739292,-1.5182250666045682,852.1849830103017,63.63385633128127,2.397540330904788,2.2936334219042465,0.15940616856404982,-0.7267931488250078,-0.3030727390546765,-0.06965527235329205,0.043682555098727566,-0.4252689673808662,0.5505262650378846,-0.19416526578790053,0.01338301154036046,-0.8284545309557625,0.1660888577849016,0.4846681801474472,-0.9623808954342112,-0.5442285203695758,0.41665757182806507,2.3865865954572083,3.1573824526765515,2.264475122331848,1.7045705076454984,1.6123989601445503,2.564244980111434,1.9034162326128108,2.2051243067081323,2.2245564038110373,2.671742711889044,1.5508052673418111,1.1347440490278482,3.3533117005240944,2.62551829148908,1.2646131057546095,2.2391469478607178,-2.619773689900533,1.1079910397529602,1.424264669418335,-1.1311559081077576,-2.5554205775260925,-1.858453098927633,-1.493723217641012,2.185585260391236,2.5503151416778564,0.7613205909729004,1.1260504722595217,-2.9664441386805933,-2.6017142573939718,0.3647298812866211,-0.5607604607752521,-1.4634550529314188,-1.6503523292299265,-0.9026945921561668,-1.0895918684546742,-0.1868972762985075,-0.2378402932432835,-1.3310585941846902,0.3229201675319686,-0.7702981334094381,1.2256147596881353,0.13239645874672856,1.4125120359866428,0.3192937350452361,-1.0932183009414067,0.00024173040583264083,2.8367252391784974,-0.5623496404834394,2.884110427517649,-2.049203401389762,1.3972566666113266,-1.4868537609063228,3.8806377359376176,0.6014370939443648,4.062696293911674,2.3270421044816283,2.083413543662178,1.9855670071889264,-2.06529959170185,0.07406454347348035,2.1393641351753305,-0.6873028420236519,1.3779967496781982,-0.7613673854971322,-0.9470096286426218,0.9787669293874552,-0.9278255662527648,0.279635878863581,-0.2691452160501939,0.4704973857055239
232.0304940954193,221.23792751792985,634.1125253342092,126.67028808593749,93.90357208251952,139.00627136230472,112.25352478027344,114.18598175048828,87.72353363037108,158.36146690478054,200.0013699861562,222.32119579718847,123.28455879824713,233.66884565057475,359.927052176549,0.6933956146240233,-1.3888820409774778,-1.0428619384765627,-0.3750624954700471,-1.3278431892395015,-2.0887119770050053,1.0774772167205808,-1.1395567655563354,2.041002988815308,-2.2456204891204834,-3.1040639877319336,-0.3253476619720459,333.5221430763727,102.65215128128031,-0.7282682259774222,0.2586944276423285,137.96440085816013,44.77560684941674,-1.2298525140073104,634.1125253342092,71.11740143887369,-2.1377193780277266,2.067263231907333,-3.201247572038538,2.8755637697904883,-2.335031599142712,980.9406500050943,71.54828561473056,-3.1654905865750003,2.7057257792552463,0.03744897946805728,0.8069647494224482,0.6462287316069389,0.6135890959628693,0.26960238125942043,0.7295139283537034,-0.1813468426103038,0.39364791790450304,-0.9495770263656164,0.5128993907507706,-0.7219437822516647,0.6778045437242445,-0.5494039534442007,0.9348736946906094,-0.7560499428259447,2.105282696949068,1.1732551503435922,2.5871640275737597,1.2824649276795332,2.5737214838147664,2.8810042921245844,1.9856918704042608,3.12186086049195,3.147017848793336,1.5004022898667817,2.9158728087437438,1.965455257033743,3.1157728241447358,1.0736379295273737,3.0415653722364615,-1.9965618292437952,-1.138118330632345,2.366350650787353,0.8584434986114502,-1.9202728271484373,-2.778716325759888,0.9635257720947266,-3.102625552807943,2.960087601338522,-1.106063723564148,2.101644102727072,-1.964507222175598,-1.402824878692627,0.8142091035842896,2.2170339822769165,0.5265282590444353,-0.15952015319601598,-0.4312636235207683,-0.6860484122404513,-0.9577918825652036,-0.2717434703247523,1.5367942855072094,-0.18896089852921086,1.0102660264627743,-0.7154891575736462,1.6963144387032254,-0.02944074533319485,1.9680579090279775,0.2423027249915575,-1.7257551840364205,0.00024173040583264083,-1.0725899382463862,0.8083005378831549,1.880890476129542,2.6168693421481595,-2.5937260267850397,1.8085688042650043,2.2442922382028,1.2155541955538067,2.160750148131596,2.664505948928129,3.5837189549498683,2.292918155926303,-0.4874433155325586,-0.33405838253056297,0.15338493300199565,0.3306748101716859,0.8181181257042445,0.6647331927022488,0.8606709503581101,0.905969557592554,0.9635810577191388,0.1590426920200889,0.5656125743701269,0.5620422459614719
169.06462388952178,153.47421157205886,620.0939527989502,289.2587890625,49.34369277954102,123.01720428466795,56.970237731933615,174.89801025390625,156.93626403808594,297.01672813818766,93.58348590500607,276.3834648427402,283.043380375508,192.13859146379485,267.16060187966013,0.23108884692192086,1.2550665140151978,1.4467905759811406,2.2836554050445583,-0.4099288880825042,-1.1190117597579958,-1.5001158714294434,3.015071392059326,0.7736366987228394,-1.4103566408157349,2.0683822631835938,2.5345492362976074,224.63114913015664,283.74725377379747,0.4971833690345082,-1.6714831342867258,101.5503611238372,322.88773281446487,2.3424261089486444,620.0939527989502,261.7367500728589,1.6698748134628931,-1.3056703073122309,-0.8036776270874559,0.2969962781951204,2.2886164063467493,1348.858643722675,144.09998807190436,1.702169061633675,-3.0764588673787285,0.8248846698862513,-0.2356461295705056,-0.7722535076173722,-0.5558506383211848,-0.8733019002262707,0.7994019156283149,-0.07753491218417062,0.6143933513801064,0.4180603550448256,0.8021247731774513,-0.9050684216365316,-0.0461033281627744,-0.5437185140643475,-0.4099243472101071,0.09232612836763382,2.338839380819512,2.263575323448192,3.111937433669324,3.8884850485107303,4.128643182390113,0.8485930507173879,2.5783485885953605,2.24961943457758,2.0545282171349646,2.1235011648172906,2.7893422488980386,1.9153145944564776,2.622711332858336,2.422219889312239,2.043121960432207,2.1839933395385738,-1.2947455644607544,-1.760912537574768,2.8044464031802576,2.338279430066244,-0.4661669731140137,2.2737525701522827,-2.241434693336487,0.0897592306137085,1.8577572743045248,-2.7146871725665487,-0.9466891288757324,-2.2485201994525355,-0.4805221557617188,1.7679980436908167,0.25911785342960386,-1.507465717572523,-2.047993001330697,-1.766583571002127,-2.3071108547603005,-0.5405272837581738,-0.8794986151716906,-0.093144945632958,-1.1386164686012945,-0.35226279906256186,0.6279671024008324,1.4143207719395652,1.1684943861590062,1.9548480556977392,0.7863536695387326,0.00024173040583264083,-1.9916201281516293,1.602666585507351,-2.688898593520606,1.9684794124818459,-2.323085766546111,0.3658128269744951,3.7235090241275133,1.738063701180527,3.653578700724768,2.698116373800564,2.662511372738257,1.2284234808137642,-2.1081474187273948,-0.18058447925576096,1.9275629394716336,-0.9013145789163279,1.2068328398110668,-0.720730099660567,-0.7119226162739921,0.9122821182144222,-0.8644007537556476,0.3859951618500225,-0.7589004132954209,0.7299581019536826
709.1644751302342,689.1006474475834,1079.2667384148983,111.65625762939452,89.08021545410156,579.5218505859375,165.4146728515625,338.5899963378906,226.7322540283204,129.0884071219953,282.5712719005518,1088.5414896736756,841.4299832822409,350.5629742149456,677.1730722752112,0.551764488220215,-1.821714639663696,-1.2434890270233157,-2.3097028732299782,-0.22351625561714167,-1.7548247575759888,0.8459700942039491,1.572540044784546,-3.073044538497925,-0.07004480063915251,-1.5437414646148682,0.6691753268241882,304.6778204922627,187.80673799392875,-0.9388127194785376,1.1665262282027988,272.2080939051133,416.3209278546978,-1.6896585722078568,1079.2667384148983,262.0757703184831,-1.963994271917079,-0.09610313118038953,-2.1406992313969284,-0.8135139743634268,-3.0181266371867754,2058.9630822065915,170.3837287152662,-3.4428110623515247,-2.6764968164193133,0.7262182325634987,0.20765301272846687,0.6497641945737014,0.23417151845179826,0.9723336132607036,0.010891506141674364,-0.753039572555065,0.7920811086914846,-0.3884618527098889,0.9260334260935122,-0.7266499428906782,-0.09878028164738024,-0.18674302942915508,0.9594233680022952,-0.27243743176021945,3.1866627357507817,1.8382362052244965,2.591904629042855,2.5542036843055484,0.9243030455855048,2.6910790501217865,2.9685414199661517,1.7366867852384034,3.0045097350847683,1.7135394627830245,2.51232592752558,3.502206236159388,2.3133547800965517,0.905837772441238,2.4821980306952267,-3.0029997378587723,-1.5293030738830566,2.540965441857473,1.4736966639757156,-0.7392201274633408,-2.2129167914390564,2.3641706744777125,1.6376007238971155,-0.9160148948431016,-1.6425848454236984,-2.3897115588188167,-3.1162815093994136,-0.17679476737976074,-0.9033647179603576,-0.7265699505805969,-0.3635853296807521,0.7876002063073309,-0.21903048010416534,1.151185535988083,0.1445548495765867,-1.0066306864114962,1.5350047020661344,-0.2407994133884479,1.8985900317468865,0.12278591629230418,0.7474044957588035,-1.0283996196957788,1.7540351821702995,-0.02176893328428253,-1.7758041154545825,0.00024173040583264083,2.2046126628233487,-0.7174108431830373,-2.9220235060063864,-1.9800402025662256,2.0985324417900117,-1.2626293593831883,2.250278798132082,0.7680744716832769,2.9273616128450253,2.1176233608315047,2.4183402566174403,1.62641634111217,-0.1309855610144104,-0.08628189547098009,0.044703665543430304,0.3805507625712954,0.5115363235857058,0.4668326580422755,0.8595932743985875,0.972065180077994,0.8728845040751713,0.589890090836684,0.6354029845601775,0.7629369437929414
748.2532430782547,735.4148633843852,985.5417808045204,133.80363464355472,25.92467498779297,481.6583862304689,119.64453887939449,199.04998779296884,170.5220947265625,138.22700359628337,69.50353115218805,531.7844666406534,717.7183544350513,264.9769018482077,554.0071593412166,-0.25642973184585577,-1.6425784826278684,0.4512395262718201,2.4773619174957284,-0.7676892280578612,1.8441801071166983,2.2165093421936035,2.2599029541015625,-1.8347928524017332,1.4538053274154663,-2.4334309101104736,0.5055200457572937,88.37121838330285,159.70786493866942,-0.586735481733354,2.2235510840673203,46.93482303808465,363.72676170315765,2.7273801043963646,985.5417808045204,127.27123758028169,1.4563135698414074,2.4620523393072244,1.6703893715043978,-1.6133472068032186,-1.88299363703258,1910.1924037531428,339.47727501967614,1.967534600892168,-2.240449252726288,0.26751925487310946,0.29866101669729617,0.2077097773206492,-0.7301009033677215,0.9678810994647484,-0.8449215305827551,-0.6446930312296264,-0.5881504749187654,-0.13073968520763773,-0.8717799383729291,0.11587598752285283,0.5935657758636538,-0.2804461327626293,-0.9035621442087192,0.5935642266529019,3.6156222158272286,1.3579966245425656,2.723480846830756,4.0337239471278705,1.1402474206962214,3.9318308896773857,2.3413880513754184,3.0287885612837053,2.8381920647074725,4.198059347403219,1.7113958284810262,1.8146787094326269,2.7092519388321765,3.90324798754166,1.3868278064882291,2.9945871273623865,0.5986380577087402,-2.3403128981590267,-2.3959490696536463,0.9482852816581726,-2.938950955867768,2.2318831125842493,2.1884895006762903,-0.7627040147781372,-0.8060976266860962,1.633245054875509,1.58985144296755,-1.7109892964363098,-1.7543829083442688,-0.04339361190795898,0.9665980610821032,-1.1384498032631007,0.8204224880439666,-2.105047864345204,-0.14617557303813658,1.9588722913070675,-0.6903271199057126,-1.6252206184958125,-1.6569251809878158,-2.591818679577916,0.4481226833573884,-0.4867708152327115,-1.5107496079496792,-2.4456431065397792,-0.9348934985900998,0.00024173040583264083,0.2696464302293611,2.207785761069143,1.9381393308397816,2.4462870163090478,2.176640586079686,0.23850125523990415,1.0908430715528858,2.5475337293243454,1.9499262844030103,4.11918466257464,3.1356621061703795,2.056923011658808,-0.24140270066153904,-0.32741501060067024,-0.08601230993913123,-1.9959080453393896,-1.7545053446778505,-1.6684930347387192,0.9692932076108436,0.8550489863787862,0.7778675444150159,-0.6079986859137302,-0.6673002828384049,-0.10817429218108272
207.01092339684175,187.62782787989144,500.61282661914254,48.77008438110351,76.44849395751953,96.10228729248048,84.67652130126953,250.30210876464844,169.7964630126953,70.99242993010031,94.89548115429876,493.4576063065737,111.84927774098448,282.61085696750075,206.60974298335185,0.9216567873954772,-0.6814324855804443,2.318023443222047,0.7622466087341307,0.4753712117671966,0.6159164905548093,-0.8602319955825806,-1.9669815301895144,-1.2415794134140017,0.33160150051116943,2.121054172515869,2.94887113571167,126.24185551329701,107.51900931270704,-0.04306761268409304,-1.5493171784973083,127.93339380969354,385.9841640766768,2.172287367715789,500.61282661914254,205.09816115268356,1.711979670171396,-0.9846978643936284,0.5760257476817869,-0.518258307828507,2.4509780514141664,966.3245490512736,198.78907355371018,2.0815548563002704,2.754687706141265,0.6297042136941586,0.2633780522314939,0.45642543024727,0.13520363977373606,-0.2026013517978484,0.7499603029159968,0.8370896079973635,-0.4635019644500596,0.6615925754540162,-0.791290866201329,-0.28657274307746444,-0.6844900815870547,-0.05278098897057932,-0.18869254601604185,-0.18282138853526692,2.212541467784881,3.4532578245158896,2.6975371815574904,1.8123019502085451,2.621357062063262,0.8396629680676679,1.4475032609949343,3.0859267813496167,1.2024469582779496,2.714349512569465,3.0145046079097315,2.481305418569109,2.4929018717442,1.8848641642793689,1.94802200949659,-1.573180913925171,2.920551721249716,2.092734758053915,-1.7894526720046997,-2.6172696352005005,-0.8278169631958008,-0.3813474178314209,0.7254021167755127,1.19183349609375,2.298583030700684,2.9812861680984497,-2.195149604474203,-2.474082175885336,-1.367332641278402,1.1067495346069336,-0.6768694295353014,-0.91607630044079,-0.7941887911412396,-0.23920687090548864,-0.11731936160593825,0.1218875092995504,-0.5610159901069302,-2.0085895791648136,0.11585343942837124,-1.3317201496295124,0.3550603103338599,-1.0925132787240237,0.2331728010343095,-1.2144007880235739,-1.4475735890578836,0.00024173040583264083,-2.9692363592426734,0.4664395565651214,-2.8475093913717915,1.0310588706688013,-2.2828900772681116,0.5646193141036799,3.371114907065949,0.6553236119256558,3.065730100313803,2.4435384351320093,2.365346421507497,1.843633893948944,-0.7973580446297472,-0.1303145146662387,0.6670435299635086,-1.3869950640813324,-0.5896370194515852,-1.2566805494150937,0.3171544991800909,0.983120825614472,0.2011051725954468,0.07354078835664944,-0.5800747375448276,0.25476155766936603
638.7120280777483,617.702485004376,1094.629590445303,82.52242279052734,77.45890045166016,223.83567810058597,204.2380523681641,174.23025512695312,89.08467102050781,210.4024023648256,273.47939064414925,1134.0623850191773,206.11870683752014,293.9550771867355,336.6184515115084,1.5882117748260502,-1.9339387416839608,-2.3056340217590354,0.024947503581643125,-1.1120183467864997,2.002948760986329,2.0043420791625977,2.140920639038086,-0.8356728553771973,-0.17733293771743774,3.0456943511962886,-0.3624576032161713,451.5992472826698,159.6088116553243,-0.4183473854608524,2.0704665922128367,91.35699320042679,405.14040734803086,0.8540970444758486,1094.629590445303,208.4005202310178,0.09166472966565886,2.497188111560181,-1.7296830778573122,-2.9777171769378086,-0.5221402922915489,2191.6298429749554,199.91783192208402,-2.394961116283299,-0.3946605633228724,0.13166801593767832,0.7023756114975814,-0.8986788951215786,-0.6115022029015162,0.2844880669762568,-0.9277629275756772,-0.9757083729812848,0.8850145152244543,-0.20195428247818376,-0.2163973405969097,-0.6227105635066617,0.8756964932977824,0.8126930130082356,-0.9850443103950091,-0.7721526368677225,2.4217806864874327,2.6820605078818103,4.334491696917598,3.2645456715537287,1.986645442969262,4.238966485127007,4.819514489654784,2.999711021452812,2.6839338779164827,3.0350510651438065,2.8940727814160887,1.2223618963960443,2.402862356481859,4.665403072883792,3.5247975777297342,-0.6583399176597595,2.4018181006061,-0.473215252161026,3.0601580182658594,0.1851246654987336,-2.8750333527671263,-2.840014934539795,-2.976593494415283,-2.1816750168800354,-2.318253576755524,1.0413522720336914,0.9047737121582032,-2.366799682378769,-2.5033782422542568,-0.13657855987548828,1.3970067849655003,0.4367660810742016,2.674604879009752,-0.9602407038912988,1.2775980940442515,2.2378387979355505,2.539822765710228,0.08843097436849279,1.1428159807447271,-1.3085758105970076,2.103056684636026,-0.3483351067057088,-0.1347821132995244,-2.5861739046412597,-2.451391791341735,0.00024173040583264083,-2.45557688464626,0.8082800186815957,-3.0193284038517305,1.2350015380289407,-2.5926068845043857,0.4267215193473448,3.5645164548607413,1.111134385781821,3.526138375939687,1.7732297161424928,2.905376353543967,0.6649839190912246,-1.9856894557987472,-0.6743881250600214,1.3113013307387258,-1.1725775196876909,0.8131119361110564,-0.4981893946276694,-0.8427030834418656,0.5591280556408987,-0.4257054865569143,-0.05605742943684658,0.10200152065497596,0.7964343355295547
411.0120748541452,390.76495352360746,657.9717937360876,191.2434539794922,22.98900032043457,213.5684967041016,126.38848114013676,240.1796112060547,234.56619262695315,497.59481597740273,26.999448898953247,289.49482998552736,594.6372545559087,319.1704102692607,276.3412376512564,1.6102259159088141,-0.582412362098694,0.8133553862571719,2.22830605506897,-0.7884703278541564,0.5538119077682494,-1.428119421005249,-1.5837540626525881,-2.3549680709838867,1.301951289176941,1.361053466796875,0.6302803158760071,176.610974512746,213.98426744408118,1.4791138758714801,-1.444773089379621,120.87728241031073,443.41033000440063,2.555219218053772,657.9717937360876,257.98322543610533,2.2567452493851534,-1.9286552076982344,-0.16382439311519192,-2.896312229246954,1.0001903302682211,1632.456431603278,198.84985781508374,2.451772748949925,0.7227073362049241,0.5187210327026802,-0.9102168036299594,-0.2945365798566297,-0.4822985615768211,0.6358613770626113,0.1537894272342435,0.7908578851662609,0.10034498442485043,0.8270063541958342,-0.6878036088202534,-0.8788069736650227,-0.28430020695138203,0.30912059010928306,-0.7052551851689589,-0.16084605917431735,2.9831792134635977,3.0259172885758536,2.9965097611180456,3.0173552677737767,1.8041819602577205,1.528316393347365,1.2223138144496741,1.5946594163008077,2.799162221276024,4.028328859239658,3.6787537384137337,2.9520080065530867,2.313659446285999,2.4885646105217303,2.1981548534769852,2.6262659470187586,2.5671637693988245,-2.985248386859894,-0.059102177619934075,0.671670973300934,0.7307731509208679,-0.9268486499786376,-0.7712140083312988,2.73007071018219,2.885705351829529,2.789172887802124,2.944807529449463,2.0583997368812557,2.2140343785285954,0.15563464164733887,0.6200558589646836,-1.4536974414951338,-0.20864985184010051,-2.073753300459817,-0.8287057108047842,1.2450475896550333,0.4401618441799929,-1.288176093567035,-0.1798940147846908,-1.9082319525317184,1.8938592856751264,0.1655213479280988,0.6488116960200934,-1.0795262417269345,-1.7283379377470278,0.00024173040583264083,2.3866827476644112,-0.9676570215487196,2.9288455379664557,-1.451539139867333,2.4449634196478423,-0.4838821183186135,3.617934866389624,1.0126434818460712,3.799643875346776,1.8069224062034492,2.9456904588087656,0.9158888892771171,-1.5788537017261384,-0.05358228899231185,1.5252714127338267,-0.2929918285892448,1.2858618731368936,-0.2394095395969329,-0.271402519166853,0.9847240376267764,-0.35860905660738074,0.8984497279789875,-0.4742009763227155,0.9611780295255852
242.9124773314046,240.6556690206976,394.65769744771177,54.95172119140625,39.5372428894043,201.9294281005859,65.28647613525389,156.9373016357422,96.09571075439452,81.15329257022991,40.9816228137499,418.53667906366303,73.8853105384958,173.73574221832274,117.24466760364409,0.9413872361183168,-0.269487828016281,1.3571300506591797,0.43328741192817705,-0.43564310669898987,-0.6149112582206727,-2.765243530273437,-3.1299734115600586,1.7121254205703735,-0.6070252060890198,-2.0133106708526607,0.5295114517211914,62.29087460471828,92.96414635516695,0.5046688315554182,-2.917533149716782,164.61211420809187,94.59919104869269,1.6103130954352824,394.65769744771177,156.3797672139293,1.7671464476046952,2.0027026302568385,-1.1440997092174026,1.4172317142295667,-1.403705650336326,847.6237324392717,69.6291068308723,2.2018710620129105,2.3662503024295005,0.05743024944316305,-0.7264829200845626,-0.3266113174630189,-0.03094957798077704,0.09796439822613097,-0.4058916580646769,0.5682816849177641,-0.17019705097550594,-0.042334356606562665,-0.8249194373763924,0.1493524783936131,0.4939079498830541,-0.9629021909314412,-0.5573109831246744,0.41665757182806507,2.4963863583732624,3.1234782926166202,2.2994613985117853,1.6530816841908231,1.5461034980389319,2.549133463983593,1.8530555309143255,2.173158059552101,2.217221632175604,2.6189999399328983,1.5689536609206318,1.1289567100284603,3.3693887890783514,2.6463411279437303,1.2646131057546095,2.3191506266593933,-2.557749215756552,1.182613968849182,1.4062854647636414,-1.1365366578102112,-2.5428221225738525,-1.8058163563357752,-1.441086475049154,2.1582183241844177,2.5229482054710393,0.7519328594207764,1.1166627407073977,-2.9884303251849573,-2.623700443898336,0.3647298812866211,-0.6466034142550523,-1.4894200958035295,-1.6464003604315112,-0.8428166815484772,-0.9997969461764586,-0.15698026462798145,-0.2400026145338732,-1.3332209154752799,0.4066007997211791,-0.6866175012202278,1.2494174812696563,0.15619918032824942,1.4063977458976378,0.31317944495623085,-1.093218300941407,0.00024173040583264083,2.820937364565893,-0.5854709160272717,2.8767770265864216,-1.9484204432332373,1.513827499380456,-1.3629495272059664,3.9426485404152674,0.6061129382107824,4.092823016733908,2.2402659355218644,2.2383278131057165,1.8578162300767085,-2.130435496691046,0.05608112440850449,2.1865166210995506,-0.6918246680323676,1.4386108286586785,-0.7479057924408722,-0.9640755360807272,0.9771811266493904,-0.9548234553433924,0.3046232441532973,-0.350839729737607,0.4999847018960051
125.02288804313982,119.53534244348444,355.4584854616597,27.06382179260255,66.22013092041016,120.76821899414064,73.3556900024414,106.84115600585938,87.47088623046875,34.77687485958475,380.6694751881119,238.1205256115984,196.38216374906966,127.14892071178402,135.6782154923317,0.7381072044372557,-2.4344415664672856,-1.2969121932983398,-1.6365869045257568,0.5923964977264404,0.981980264186859,-1.9587798118591309,-0.33550348877906805,-1.4903222322463991,-0.17349188029766086,-3.053189754486084,2.083048105239868,207.45854530446246,70.21065724967157,-2.317932727961545,-0.7306412242749114,156.26129214979323,163.56424399146226,-1.6353309073700004,355.4584854616597,224.46786214944257,-1.9066291726005389,-0.9296813216417098,0.8980299296777579,-1.0186411240601658,2.7208185755418306,948.1133930813844,114.08096533895123,-2.3139064409847463,-1.7030632358080495,0.8460139433385558,-0.4542665947425463,-0.9526149861122448,-0.7996570605128237,-0.8549208834586335,0.6296452032258841,-0.18741346000530615,0.8835601210224872,-0.6442812402662987,0.9772530146571188,0.6361156249838267,-0.6578094369898736,0.15575419004493887,-0.8281164495259099,-0.6255265039698824,1.3599342209316103,2.4519466189241115,3.54068467993931,3.641569284542188,3.4567132833646066,1.2113067152087835,2.0882424315813446,1.6209810008404169,2.970930007543542,0.8141374717236419,1.1040673587109149,4.067870119075161,2.254585775556232,4.185848771504025,3.5637188055232762,-1.316830351948738,1.562867522239685,2.7098149696933187,2.879697874188423,-2.2565399855375294,1.146947447453634,0.4684575796127319,-1.1548187434673312,1.78528793156147,0.16201160848140722,-1.0944099426269531,-2.717686265707016,-2.2413573900805868,2.418551594018936,-1.6232763230800629,-0.14922982250149852,1.597595921312026,1.891098853833581,1.7468257438135244,2.040328676335079,0.2935029325215547,1.716068194121284,-0.3588624106414047,1.8652980166227824,-0.20963258813990612,0.1184722728092581,-1.9564583319534303,-0.1750306597122966,-2.2499612644749853,-2.0749306047626885,0.00024173040583264083,2.5437256075775894,-0.08895980241845625,-2.632685409996046,-0.28799989978525464,-2.831725507362844,-0.1990400973667984,3.590049734660133,0.28551111215402875,3.846705752718624,0.7408705607265065,4.284983683093765,0.4569327904762241,1.9829524407735304,-0.08994794684716867,-2.0729003876206993,-0.18862958732051285,-2.1715820280940434,-0.09868164047334416,-0.8798711017895194,0.9955256876090544,-0.8618548544050721,0.979245308407708,-0.831410048468277,0.9940152254668004
682.1377294094782,664.4741738813639,858.2148666293486,85.819580078125,48.24797058105469,186.40573120117188,77.81340789794922,257.29776000976557,141.4881134033203,113.28121273483124,50.327777387397965,748.2870787141957,165.31381485411302,277.7282219013257,532.9257883729267,-0.7800620794296266,0.2925762534141541,-2.066862821578978,1.371384024620056,-0.3490301966667175,2.000482320785524,-1.8519996404647827,-2.2825613021850586,0.8572679162025453,-1.03155517578125,1.768481969833374,-0.5309728980064392,77.42397876800406,131.21848726392508,-0.4400539259209992,-2.0060762343315903,178.13165575530755,194.26692445427398,-1.898176472063328,858.2148666293486,115.66652627433193,-2.4130151234145734,-0.3979184369431036,1.517641076516426,0.4294067955896393,1.1940297229918655,1861.7044149795172,223.98188120257814,-0.8652509453678571,0.6515110161009513,-0.8884328784541282,0.4687714551148244,-0.9216362960818296,-0.7181440125788017,0.958552024558992,-0.4901101563547767,0.4607543541565351,-0.5144053645607777,-0.3274503325249851,0.3937799779119615,-0.4143795396265527,-0.6501239838430102,-0.5795330861433473,0.2284824530542205,0.4742789885662782,3.922906326718601,1.9445462140939915,4.29773301466619,3.2863403824965336,0.8039572644491197,3.287506921497957,2.999331066022268,3.9275285192147185,2.3025745282749055,1.6519208623642077,2.6973652814077984,2.322523821604152,3.07839874218041,2.446427001285127,1.1558271227260637,1.8888230919837952,-0.9112140536308287,1.3882408142089844,-2.800037145614624,-0.5005822777748108,2.299454867839813,2.709267556667328,3.139829218387604,0.8204444646835327,1.2510061264038086,-2.662703696881429,-2.2321420351611536,1.3210267424583435,1.7515884041786194,0.4305616617202759,2.3927471619347784,0.976819020836456,2.6208595990834054,-1.4159281410983229,0.2281124371486269,1.6440405782469496,0.6077724098886161,1.607460378759798,-1.7849747520461623,-0.7852867831749806,-0.3690466109478399,0.6306413579233421,-2.013087189194789,-1.0133992203236075,0.999687968871182,0.00024173040583264083,-0.7646229274022265,0.8273252325327429,1.5919481599349692,2.4354830299212296,-3.0830793498561304,1.6081577973884866,3.500351089004437,0.9744361843191816,4.240796753674519,2.838608628994649,3.652115551304172,2.545338364170207,2.412494119876873,-0.11885665831490845,-2.531350778191781,0.8468237592049679,-1.5656703606719051,0.9656804175198764,-0.7799072011371413,0.9761169666886812,-0.8954077805478114,0.1924795943097552,-0.7559699628276003,0.4010659546327708
377.6214455876624,360.5265048831548,628.7347801633445,150.63265991210938,81.36595153808594,362.37933349609375,122.39320373535156,194.7801055908203,152.02568054199222,150.99016178505082,81.42896799957444,397.46052052343595,133.71664813910664,202.50228084360268,318.8888497631967,0.06888247281312944,-0.03935433924198151,0.4249144494533539,0.3894833326339721,0.26457357406616205,-1.3630198240280151,-2.6455466747283936,-1.3411720991134644,-0.3065069317817688,1.86065685749054,2.9310131072998047,1.8910549879074097,134.91747094328994,189.11466864359983,0.03796375406358076,-2.2175300326163896,301.7170817984204,310.6094645872668,-0.6909740065930977,628.7347801633445,353.9393261228766,-0.5831237576929897,3.045138868318628,0.6263966155754815,2.481499523732233,0.025586762366876604,1283.57483478967,59.26916900262066,-0.18034912020066024,2.3532583820925965,-0.3290311104434924,-0.7771281310600098,-0.6098411464433612,0.5263390304366703,0.12052791359968887,0.008109125490043992,-0.6074492709041396,0.4517938183201718,-0.1641644408129864,-0.940854842098952,0.7507360236726106,-0.4214845944262279,-0.144122504198315,-0.4434818884759297,0.2597493346108202,2.1674534028606427,3.0498829685118203,2.8330173591344865,1.077620039388291,1.7527667729743939,1.93146917128126,2.3659809144357347,1.1340535775024738,1.805671382023921,3.1110542759734137,0.7332220945287311,2.033837157141638,2.2585169060883272,3.3257234366026083,1.3088576091364863,-2.1671637892723083,3.0456652680980127,-2.1975619196891785,-1.0703562498092651,-0.030398130416870117,1.039958119392395,2.3390397429466248,1.0346651673316956,-1.7769817749606531,-3.0813563505755823,-0.7066255251513879,-2.0110001007663167,-1.746583644543783,-3.0509582201587118,-1.3043745756149292,-0.03268260244206345,-0.1511365599324952,-1.4824496833847167,-0.11845395749043175,-1.4497670809426533,-1.3313131234522215,-0.3438483547141522,-0.4520206045931314,-0.3111657522720888,-0.419338002151068,-0.19271179478165698,-0.30088404466063623,1.1386013286705643,1.0304290787915853,-0.10817224987897922,0.00024173040583264083,2.455912761365357,-0.5636393445863948,-3.0195521059517523,-1.5841557508309627,2.243116794983266,-1.0205164062445684,2.786928927617287,0.57386495532799,3.25278871953116,1.743817565515953,2.3190140552491445,1.1946561985250388,1.230804988110855,0.08912606077461183,-1.1416789273362429,0.6797160747190474,-0.5510889133918075,0.5905900139444356,-0.8480770885654735,0.890567165895632,-0.9940736075164888,-0.033407913539715006,-0.4963894545277275,0.4248458702052129
742.6121192605202,740.2261939681032,1064.4329673124198,161.2240447998047,64.04941558837889,218.2480926513672,93.31684112548828,778.6837158203125,175.69309997558594,205.3766737647704,111.32642372215784,308.1628358307053,532.5463511387175,865.1136483838424,177.76212555441597,0.7241528034210205,1.1505055427551267,0.8570095300674442,-2.4264478683471675,0.4584849774837495,-0.0033789635635911933,-1.179258108139038,2.7789602279663086,-2.750239372253418,1.9839658737182615,0.17866532504558566,2.773769855499268,191.56936565262885,126.31309690387684,1.3149821402079014,-1.5578062139421072,635.1762861517474,239.22546297741638,0.5524967320939059,1064.4329673124198,608.6584971319625,0.8563925348022005,0.12396442873306765,-1.0840475027155876,0.32291405223906405,3.1323293029952266,2151.057472604817,372.90938752415013,0.6812356998797502,0.2092823693520174,-0.6812010769693064,-0.3372176922971041,0.5194223815180137,-0.4590092444404469,0.12675665541711667,-0.7732486542751714,0.4302533814913961,0.8698871199153355,-0.7474850234695978,-0.7346108226324737,0.41548551739119055,-0.09467333530965442,-0.5425409849059848,0.5725551079645802,0.19744879179222,3.630486429835993,2.9558931890161735,1.1474391833760436,3.4032260571393045,2.5485394340614413,2.6358842584645115,1.5765890529918116,0.8090947755135537,4.434009840364921,3.6642341257734334,1.3836673892703228,2.6908039774227346,2.4410931398926814,1.1538961798570693,2.363736041719511,1.5489800612079063,-2.928904697299004,0.7591760794269007,1.805300548672676,-0.7898039817810059,-2.5951045304536815,-1.57098126411438,0.7539857069598597,-3.1199613253222864,-0.7949943542480469,1.3579234331846235,-2.6002949029207234,-2.330157343541281,-0.005190372467041016,2.32496697107424,-2.1625755165879634,-0.3248039230691025,-0.7714007436590601,1.8377715935188608,1.3911747729289032,-0.4465968205899575,-0.09994796381052297,0.18976716089420675,2.0626275527774403,2.35234267748217,0.2248559592585796,0.5145710839633093,0.6714527798485371,0.9611679045532668,0.2897151247047297,0.00024173040583264083,-2.8094152507561625,0.1989496235059964,3.008364874262159,1.8807202661811715,-1.593049790242253,1.6817706426751748,3.2513214365346133,0.3632266669682946,3.5798836232336386,2.029406986587792,2.8797831275664647,1.7431743804766715,-1.4448650483675225,0.2412181958178349,1.6860832441853573,0.5198491280479423,1.9647141764154648,0.2786309322301074,-0.8954002847624278,0.95877478059727,-0.9847612630468042,0.3027555477844033,-0.6945980913043968,0.5611049883869009
110.93192796216455,98.40157623063402,540.457597359934,124.93173217773438,119.88143920898436,174.28009033203125,95.5718994140625,69.88071441650389,58.50570297241211,371.9208814994656,119.97810227275565,188.67896021246082,155.44761722355125,73.01952941292457,84.22889685157381,-1.7545776367187504,0.040155045688152265,-0.3878653645515443,-1.0578234195709229,-0.20081123709678644,0.8766136169433594,-0.6315258145332335,-1.6984187364578247,1.1138453483581543,1.5365921258926392,2.725091457366944,-2.615169048309326,279.5623342871328,210.8143859293743,-1.2694002925028975,-1.1527901964515537,114.49672639781784,264.3623288878094,0.37528944532907704,540.457597359934,195.93307682034904,-1.2161169231970912,-1.7189049968971783,-0.6689751810414126,-3.1317695697036947,1.2627137436184868,859.4594103315923,77.49398116383622,-2.5472717321446874,0.8481950010530138,0.8151650151558436,0.036390362396583296,-0.8091661482904389,0.3821186517314667,-0.7868683832621953,0.2688615729725465,0.2938328450034021,-0.8934082721244522,0.6221469352049508,-0.6480105864592814,-0.1350254730185075,-0.28695640979033865,-0.7593903446710183,0.4595884913789576,0.12426084116333305,0.7921859840978883,1.6220675911915086,2.850034409397302,1.465264666135081,2.8783702824476154,1.4317651683825454,2.21680466689,2.8446494958654602,2.277323394406208,3.239895701451206,3.3134559737098344,1.8752216606765308,3.2951491456766657,1.2410052682024066,2.087899879819976,-0.4227467775344849,-1.611246109008789,-2.5541709105121058,-1.1884993314743042,-2.131424132977621,-0.9429248015033168,1.7453711628913882,2.812264084815979,2.1681179404258732,-3.0481744448291224,-2.926568035279409,-1.8596751133548184,-1.9836432337760923,-0.9167503118515016,1.0668929219245908,-0.5239299531779109,0.1790157518746318,1.1605175055425792,0.7029457050525427,1.68444745872049,0.9815017536679472,-0.8497349136932424,0.4186350724230894,-0.3258049605153315,0.9425650256010004,-1.0287506655678742,0.2396193205484576,-2.010252419235821,-0.7418824331194898,1.2683699861163318,0.00024173040583264083,1.8887019938574048,-1.4128645728065168,2.981618740515665,-1.9789793732521408,2.4155039400700398,-0.5661148004456245,2.1581667756430765,2.1280884687619044,3.031404690865832,2.5732010596700845,2.489009762730437,0.5686168171344989,-0.9908018761463728,-1.3613118000560434,-0.3705099239096703,-1.3897026866975637,-0.3989008105511904,-0.02839088664152012,-0.4463330279891505,-0.22069725721915948,0.05338935157830756,-0.4991259004941426,0.18269446484551813,0.9553186235274008
170.29327818984498,164.48973232488646,619.0068371984621,289.4490966796875,50.52510070800781,120.24205780029295,57.8338203430176,175.9212188720703,163.85151672363278,297.21213981774287,95.82410199986742,266.0439565522506,284.46086092785737,194.4020571776482,279.3128949862443,0.23108884692192086,1.255066514015198,1.4297798871994014,2.2735376358032227,-0.4188197851181029,-1.1206952333450315,-1.5001158714294434,3.015071392059326,0.82600200176239,-1.4167648553848269,2.0342395305633545,2.57883620262146,227.37911200665985,283.9065795256709,0.5030108538380001,-1.6755287035336224,95.62789192660824,327.27001441772444,2.3847777056014325,619.0068371984621,258.3264647948418,1.6725023936929264,-1.3336216159515748,-0.8221220916280938,0.3329704457246292,2.296618995994684,1360.9412820352545,156.65729997200816,1.5775968962582,-3.1012900018723726,0.8154937158750812,-0.20556117390283285,-0.7685772262000378,-0.5658330097834823,-0.8697628390374743,0.7828105523133978,-0.09983203421524696,0.6192299463863671,0.4200240895321844,0.8021325451619257,-0.9160991080847248,-0.06706137343769775,-0.5232110266690827,-0.4047068648699296,0.09232612836763404,2.3962325249956433,2.2084290059894256,3.094729564310489,3.9076895030922434,4.093147745570902,0.8883775548946046,2.6168080881149858,2.196030409239454,2.0441488319294088,2.11300183788359,2.824614500714981,1.9400841432659128,2.5857231765392243,2.415480287794546,2.0431219604322077,2.242766857147217,-1.2082375288009644,-1.7528342008590698,2.8321809212314046,2.2875842491733,-0.5445966720581055,2.326117873191833,-2.189069390296936,0.0833510160446167,1.8513490597354332,-2.7488299051867884,-0.9808318614959716,-2.204233233128683,-0.4362351894378662,1.7679980436908167,0.2647106182401474,-1.5080003946667282,-2.0413420504083755,-1.7727110129068755,-2.306052668648523,-0.5333416557416475,-0.8718546791130994,-0.08550100957436674,-1.1365652973532467,-0.3502116278145141,0.6361457155536288,1.4224993850923613,1.1694873712952762,1.955841040834009,0.7863536695387326,0.00024173040583264083,-1.963648550270055,1.6665920616762042,-2.6529446952333275,2.008499149258252,-2.31103760765128,0.3419070875820476,3.760335349200715,1.8124197140829441,3.6416022405981994,2.7522927382396625,2.663995523107761,1.2184461080946851,-2.1297196363384034,-0.1875296976059033,1.9421899387325003,-0.9040464642956904,1.2256731720427132,-0.7165167666897871,-0.7163628220952171,0.9098640923674641,-0.8661296071526245,0.3880993415374967,-0.7541189988418541,0.7355026873847328
80.07395627151121,78.9337603716747,361.5867148270362,117.901611328125,21.62175750732422,107.9997100830078,71.88079071044922,80.49159240722656,62.43534469604492,154.59056645763755,37.378507639981656,152.92633954044305,89.68728811382735,149.30813268079245,85.1016314117658,-0.7697561383247374,-1.143875002861023,-0.8724512457847596,-0.6577891111373899,1.22179651260376,0.800062656402588,-0.03058873303234577,0.13325506448745728,2.8165154457092285,-2.6688523292541504,1.6012825965881348,0.6557518839836121,20.718740047465626,139.27846061560822,-0.8359784708084467,-0.005264364277457763,127.51497951533193,166.3498772630311,1.1454266883227957,361.5867148270362,220.42161672703728,0.2235279208689668,0.5637867453132902,-0.84284854297196,1.1930400209099,3.13098927239783,649.0407037793462,121.21117266425482,-0.8004800857854697,1.405303777820207,0.8111847923985006,-0.4559936495080256,-0.7625674824105158,-0.6742724411193415,-0.9836097751450066,0.7952644710786978,-0.0648848342248357,0.20400750870914156,-0.17258095162240591,0.0250508959555669,-0.5686649650274456,-0.6531684070226992,0.011595391404660763,-0.1669058861752969,0.9628557374176084,0.8261916525618764,2.421293982790671,2.7324351634926534,2.7541267136384016,3.2982622493594165,1.0353201311404734,2.848955684054064,2.6969533049980305,2.640638448997965,2.8439559314789222,2.5747399864564264,2.784152753368077,1.7132992998437249,2.012932326107086,0.4084234503399992,-0.7978175322162073,1.2152328491210938,2.1607635617256165,2.013050381337301,2.958581093941824,0.9455307126045228,2.8471041787415743,2.6832603812217712,-2.6382635962218046,-2.802107393741608,1.6318713296204803,1.4680275321006775,0.6863406170159578,0.5224968194961548,-0.16384379751980305,0.16415286692497633,1.7766903761305772,1.5053208835820855,1.612537509205601,1.3411680166571094,-0.2713694925484915,0.07570434764076328,-0.17489463261760418,-0.08844851928421305,-0.3390474995425805,-1.7009860284898142,-1.9515850087481812,-1.4296165359413224,-1.68021551619969,-0.2505989802583675,0.00024173040583264083,-1.9379492514879304,0.6292532755966097,2.56720252708454,1.1983043851873576,3.136253636675288,0.569051109590748,2.7764880148710964,1.1161796550206204,2.7798718635403192,2.3155776394219982,3.136261161231714,1.2026524682266921,-1.7126467494361748,-0.7331714361976795,0.9794753132384952,-1.7076448274923988,0.005001921943776022,-0.9744733912947192,-0.7116410384788162,0.6351109177476343,-0.7459982861734228,-0.4045952337298696,-0.060182507002424515,0.44941291762779256
247.73187339138616,223.10040013133488,636.9975164403297,188.8880920410156,104.39054107666016,187.9215850830078,60.51119995117188,292.4864807128906,122.75039672851562,224.84990902979146,183.26127405927625,199.63961534281339,82.12510442777041,361.188148816432,295.81348279037155,0.6076756119728088,-1.1626555919647217,-0.3406583070755006,0.7924137115478515,0.6703203320503234,1.5237643718719485,1.9273756742477417,-2.541085958480835,-2.328175544738769,1.1954584121704102,-0.15071438252925873,0.6212029457092285,358.72357650840485,192.48798842470669,-0.1482680773980926,2.4815812661722543,133.69005364226442,389.96168765297915,-0.090641647874792,636.9975164403297,261.725044901295,-0.15518490398816584,2.99678743587076,1.0345998624096553,-2.497731648851385,0.0706482549717124,1265.1253932915006,145.47889955969885,1.823145185590436,0.4654459962506314,-0.8751450534897235,-0.62871022071408,-0.6840924343573481,0.5218218660371966,0.8624503667678871,0.7738846380775904,-0.5280250605653869,0.7955883869655735,0.8275236307787491,-0.8967745657996258,-0.01347860497189562,-0.8185583729927374,0.5847208136974086,-0.98432949527101,-0.5614440546662192,2.983115125865313,2.40071133660411,3.48925570941582,1.351698186174208,0.9298618871192872,1.1507489260224841,2.2384452679527564,0.8491233012025219,0.7548715413640759,3.210556967434013,2.079034065384458,3.01225447283858,1.5954014581889062,4.1178691795992215,2.535210954979463,2.7595513502704065,-2.1774611622095112,-2.949378490447998,1.3461727946996689,0.5742554664611816,-0.7719173282384872,2.027634088193075,0.21291041374206546,-0.7319172620773315,-2.5466409365283407,-2.0780900567770004,2.390371575951576,-1.3061727285385132,-3.1208964029895228,-1.8147236744510096,1.0547727289321125,0.9593694880297317,1.4759768972536838,-0.09540324090238084,0.4212041683215712,0.5166074092239521,0.9076514136664332,-0.63049010398104,-0.1471213152656794,-1.6852628329131525,-0.05171807436329856,-1.5898595920107716,-0.5683254835872507,-2.106467001234724,-1.5381415176474733,0.00024173040583264083,-2.5683799038230983,0.7886662224574401,-2.9261391808990482,1.3038723921559472,-2.410933011200542,0.5152061696985061,2.8040584492534335,0.7913028764986293,3.158777975158252,1.3051452104674313,2.685474734105972,0.515252598038557,0.9784151874861076,-0.06404797339462487,-1.0424631608807324,-0.05721001910440383,-1.0356252065905114,0.006837954290221049,-0.5981326906540411,0.7074552545827001,-0.7285323988386683,0.27312978753992057,-0.5790247155872467,0.8731123108960631
299.3942393796038,294.5373360391175,694.7988102835666,300.7734375,33.344512939453125,290.5575866699219,99.43203735351564,218.3816680908203,76.40591430664062,301.91421775026663,57.4376208920197,324.426693735047,127.79639789021721,225.94883333809503,178.41058453104148,0.08706810325384136,-1.13947057723999,-0.4739483594894408,-0.7211322784423826,0.20761713385581976,1.4785885810852055,2.359784841537476,-1.646625280380249,-1.8583409786224363,0.22398768365383145,0.7624853849411011,-1.399970769882202,223.93849216589612,280.29113601147634,-0.0732400376477473,2.4504376908149084,186.8580323064956,256.9544789423177,0.9467439071184716,694.7988102835666,258.1752285659509,0.6630269258595336,1.7462353999965516,-0.7789092957037694,0.4162148395559846,-1.5141549935698522,1214.9856575303274,30.604403328245958,-1.0218649871850838,-3.0653806717351166,-0.07285993565023145,-0.8522330394009302,-0.04902553088093259,0.5344709581737762,-0.5747045695117281,-0.0521423345359522,-0.4623979197165706,0.8686834598597285,-0.4731442885617995,0.36803128770724536,-0.008064357553598767,-0.5891600155516812,-0.27359139121095977,-0.4898049509208962,-0.445930755896318,2.0969483893329866,2.7079996952859218,2.0056180475277854,1.0735712575958476,2.7342298584156994,2.5083032195501294,2.1399089131079725,0.6983862535887905,2.2835974594043,1.9168202298215773,1.6018419468918117,2.760155701975964,2.881670812162099,2.6296524873145235,2.586136573920978,-2.082328662276268,-2.6208263635635376,-0.4583702087402344,-0.5384977012872696,1.6239584535360336,2.1624561548233032,2.065059487019674,-0.2117156982421875,-2.135797157883644,1.8706129640340805,-1.5972994565963743,2.40911066532135,2.5234296957599085,0.2466545104980469,-2.2767751852618616,-0.2085599929473232,0.6632819076046426,1.579678243113035,0.8718419005519658,1.788238236060358,0.9163963355083924,0.5440987536054562,-0.4942710572069302,0.7526587465527794,-0.285711064259607,-0.11918315399918633,-1.1575529648115728,-1.0355794895075787,-2.073949300319965,-1.0383698108123864,0.00024173040583264083,1.9303698331258368,-1.330020560440567,3.022794913613182,-2.0342228512589235,2.3185926227948257,-0.7042022908183567,2.5892482826204457,1.359944857944367,3.3490997531906963,2.2756163684076545,2.4236008029879685,1.018817897342824,-1.5408794066542026,-0.21136614294145206,1.3295132637127505,-0.9037290275423356,0.6371503791118669,-0.6923628846008836,-0.6613645291538277,0.5594658930236777,-0.9914983895079056,-0.35466744601561057,-0.4665078469857498,0.5765473605561922
439.4377365695845,429.5147439454387,761.3001035656073,127.00328063964844,255.8109588623047,415.554443359375,127.37582397460938,233.91249084472656,144.09492492675787,128.89809599712592,262.34502675168164,524.0180570292366,147.3200079195083,241.8047447066644,214.9815170694067,-0.1725251823663711,-0.22554184496402746,0.687950849533081,0.5401729345321654,0.1345165222883225,-0.9499117732048034,-0.14796069264411926,1.100723385810852,-2.3374781608581543,0.042453117668628686,-1.124754548072815,1.9976837635040283,210.9477811629057,319.5921080028641,-0.2484030585234363,0.7142184545835842,89.88637815665031,335.10882361848695,-1.1444971461885634,761.3001035656073,310.9711861844844,-0.6244590117364871,0.42944627573568345,0.975308398593861,-1.094045684434263,-2.072054224210932,1495.4333941107463,204.55067144557526,0.7721505410311604,-0.9335506543507582,-0.21100867136411208,0.35850398443965503,-0.6402792845309567,0.4045200078107093,-0.5843222146157506,-0.7656365635956689,-0.5605281821322976,-0.8806708487780565,0.7574396002751138,0.3066161559231985,0.5236607906048993,-0.6180657274142717,-0.2341038271920912,0.5734877866145085,0.3420383369737965,2.384514877846676,1.333037177118472,2.545071525707123,1.2356904384837393,2.4583082220595287,3.3053904062408384,2.352531773449155,2.9880430887904725,0.7376964314598107,1.3062369938004041,1.0239144712330792,2.254416567990828,2.2821305930675133,1.1529309225148887,1.2498090631372196,-2.3799312785267834,-1.2127236127853394,1.948023382817404,1.1672076657414436,-1.9552306458354,-3.1224383115768437,-2.189517468214035,2.84498376051058,0.190413810312748,-1.0582702681422234,-0.9767938554286956,-2.225477933883667,2.145644456148148,0.8969603776931763,-1.248684078454971,-0.12366638948289445,-0.505224893546961,-1.4720260703365549,-0.38155850406406655,-1.3483596808536604,-0.966801176789594,-0.8110131984182267,-0.8629911919121138,-0.6873468089353323,-0.7393248024292194,-0.3057883048712657,-0.35776629836515284,0.6610128719183281,0.609034878424441,-0.0519779934938871,0.00024173040583264083,0.9780085397766688,-1.5234919601699464,-2.5015004999466157,-1.8082641390178475,-2.7862726787945165,-0.2847721788479008,2.334539837219833,1.6098035327290288,2.96930303579615,2.01811887915612,3.0431538197858004,0.4717131265851704,1.803940919448119,0.36689201576441205,-1.4370489036837069,0.7084364440617785,-1.0955044753863403,0.3415444282973665,-0.3995105797741939,0.4749612263209689,-0.8570298529513115,0.06669247882340001,-0.7832205886843181,0.909723798886258
708.8315392224472,699.8792253053826,1157.8919661234133,112.33364105224608,89.02996826171875,345.29779052734375,177.58450317382812,555.8333740234375,226.36370849609375,129.87154591710862,282.4118828264609,355.3850100911866,899.0849295548078,1047.2091026737162,673.7214952954567,0.551764488220215,-1.821714639663696,-0.20639549195766446,-2.3049914836883554,-1.2469547986984253,-1.7511191368103032,0.8459700942039491,1.572540044784546,-1.5506942272186282,-0.08050149679183961,-3.118894338607788,0.6902248859405518,305.5144135835045,188.40359793841228,-0.9345186552782804,1.16528800907359,403.8365387731445,403.1918728855972,-1.5938702957487558,1157.8919661234133,318.50239054425214,-2.000543707921659,-0.6251126188656715,-2.0370943652498528,-1.0978553229748809,2.8093338365852807,2073.7421989136446,134.56352189800208,-3.683605442280795,-2.721580379266164,0.2189288388231916,0.17381273078086495,-0.01331873822231597,0.7264013428600608,0.9707100732874564,0.6573397363942091,-0.7246877481998742,-0.11546267171996315,-0.3893133716171159,0.9251898542659996,-0.7374614470022746,0.8007095302175334,-0.18451745296036628,0.9609961738834216,-0.27243743176021945,2.5623371755309443,1.8820242453820264,2.7217438547168515,3.2173393802928025,0.9491015402347412,2.5249128026627194,2.5137236174892545,3.516226424273746,3.0032323073577816,1.7222377437937155,2.9342806187654937,1.6923415370911374,2.308144181010084,0.8851348849463713,2.4821980306952267,-1.4701927304267883,1.5682001113891602,-2.24091911315918,3.0383928418159485,-0.7707263827323914,2.4740660826312464,-2.3966643214225765,-3.123234272003174,-0.9264715909957886,-1.6530415415763855,2.318320874367849,1.5917509237872522,-0.15574520826339722,-0.8823151588439941,-0.7265699505805969,-1.166989442920112,-0.8061754377558763,-1.022116560177586,0.3608140051642357,0.14487288274252608,-0.2159411224217096,0.7306719846785878,-1.0451321307759944,1.8976614275987,0.12185731214411755,1.536847422434464,-0.2389566930201181,1.7527885448561735,-0.02301557059840853,-1.7758041154545825,0.00024173040583264083,2.3759961476194245,-0.4727427041092096,-2.8487388517286343,-2.263143332048471,1.6440458275116907,-1.7904006279392617,2.4169826787313684,0.6235935603073847,2.8489733231287553,2.3572361627945897,1.979535268485489,2.0837331454360037,-0.14147126742253313,-0.13193034595958242,0.009540921462950713,0.3477028441362471,0.4891741115587802,0.4796331900958295,0.8178067569115545,0.9799412081384772,0.8665951244834784,0.5051164561793069,0.6954171218119813,0.666979141130564
757.4583462226236,755.7830089449999,1014.1854416357556,134.216064453125,27.483156204223636,205.7767639160156,176.67147827148438,501.91845703125,119.65853118896484,138.65306778297423,73.68178788355662,270.59826298745645,576.0754025869754,560.4802212554055,715.1952601881003,-0.2564297318458557,-1.6425784826278693,-0.7558682560920714,1.8480044603347767,0.47650945186615,2.4736223220825173,2.2165093421936035,2.2599029541015625,-2.4465007781982417,0.5372751951217651,-1.8679194450378416,1.4304349422454834,91.12882702797405,161.67774504893586,-0.6011841852742213,2.22388345529493,41.841349095758055,384.18163804366617,2.8918851764864737,1014.1854416357556,135.99620916013302,1.4463609246148608,2.4471158755189726,1.6401722745068734,-1.7208737728515917,-1.916564445733735,1953.7889933594995,361.0905071655978,1.9365425570275432,-2.2783652359358846,-0.8413604586022541,0.2942543915876381,-0.7251406363483466,0.21778247247269075,0.9703989629966668,0.2890147666781834,0.12350135561408028,0.5908298871909023,-0.2710076139277817,-0.9002318895796722,-0.6210061888340722,-0.5959312750071342,-0.1329300532153311,-0.872588528571856,0.593564226652902,3.960185877242872,1.3614371723124157,4.027362222123179,2.7687469756745307,1.0904733113744318,3.591333378670465,1.6954074658865717,1.8090039139602567,2.6922983842640917,3.8925076336096667,2.3176993077262806,3.0226020147339208,2.8409676484276134,4.198943467991787,1.3868278064882298,-2.9837759733200078,-0.5785813331604004,2.4062495867358606,2.405194640159607,-0.8931597471237183,2.984830919896261,1.6201751867877403,1.5767815748797815,-1.6792341470718384,-1.7226277589797974,2.198756519948141,2.155362908040182,-0.7860743999481201,-0.8294680118560791,-0.04339361190795898,1.9509883461250177,1.1521627448284313,2.095361161269752,-0.7988256012965863,0.14437281514473374,0.94319841644132,0.4390607210528301,-0.4958327775372697,-1.5119276250721874,-2.4468211236622874,-0.7131020237756012,-1.6479955223657008,-1.6563004402169212,-2.591193938807021,-0.9348934985900998,0.00024173040583264083,0.19569067288214306,2.115195658809021,1.919504985926879,2.338428079033064,2.142737406150921,0.22323242022404252,1.2669175302423037,2.5619510217397834,1.929264686440176,4.203543677289619,3.1008067291465973,2.059678055053696,-0.2723070867675828,-0.3516007393783099,-0.07929365261072707,-2.027900996666168,-1.755593909898585,-1.676300257287858,0.9623637983721446,0.8639252951200248,0.7730980123261488,-0.5993402473731922,-0.66946983457672,-0.11464023142181087
192.95218789936413,182.42628024251667,484.00711614523743,47.93229675292968,76.75434875488281,87.60629272460938,85.38810729980469,236.7290954589844,161.6934356689453,69.77289996118189,95.27513857665777,448.9626634276098,118.3243388284792,269.5467628172113,200.18439071388858,0.9216567873954776,-0.6814324855804441,2.315781593322754,0.8374017477035522,0.493500679731369,0.6444013714790345,-0.8602319955825805,-1.9669815301895144,-1.2521237134933472,0.34915423393249506,2.131866216659546,2.9769396781921387,125.4029531350096,107.15395718684813,-0.053571599336201335,-1.5554462907627848,120.45756231010328,364.6823653623925,2.1682439765476964,484.00711614523743,194.71529770638443,1.6978156159118845,-0.9746255406978376,0.6023294002087121,-0.4647031905258416,2.4699269521817206,922.7173538631787,188.03367832148544,2.0882333672058757,2.7840137212651515,0.6668835021084205,0.27938881348031724,0.4821611653729586,0.17637834292344332,-0.13394139467927788,0.7454163087905432,0.8367673435988571,-0.4620974969250657,0.6744626295167686,-0.8038444754911895,-0.2721442646751029,-0.6833179076036143,-0.021415137961747915,-0.18428485028700414,-0.18282138853526692,2.1793801946529143,3.4243308196219013,2.6481934766333657,1.815579785608724,2.634863466346152,0.8584405478287955,1.4481585179353875,3.081284461530152,1.2123176002410336,2.7697188135333213,3.0225766101511162,2.4802819437355,2.4616769204055755,1.884532765131521,1.94802200949659,-1.6012779474258425,2.899195377026693,2.0541219154941004,-1.7827119827270508,-2.627785444259644,-0.8450734615325928,-0.3918917179107667,0.714857816696167,1.2093862295150757,2.3161357641220093,2.9920982122421265,-2.1843375603305257,-2.4460136334048665,-1.3392640987979334,1.1067495346069336,-0.6202332033553455,-0.8994466319671324,-0.7701165259751948,-0.2792134286117868,-0.14988332261984916,0.12933010599193762,-0.5605782476635859,-2.008151836721469,0.05965495569175973,-1.387918633366124,0.3388683843035465,-1.1087052047543369,0.20953827831160887,-1.2380353107462747,-1.4475735890578836,0.00024173040583264083,-2.9346301427075625,0.509922350171996,-2.838632814300028,1.0907431002369434,-2.2578120642350807,0.5808207500649474,3.32628058571112,0.6937749243778052,3.042684062339788,2.475113121446128,2.3511532146181997,1.845185606230564,-0.7741302459966631,-0.13438838315401871,0.6397418628426444,-1.3965755402734972,-0.6224452942768339,-1.2621871571194785,0.3386143101261838,0.9808060972841076,0.2188683094856194,0.05199397003003026,-0.5624034426977438,0.24571790430547236
337.4542217447285,335.5269062413699,477.72810631369833,114.59059143066408,25.246623992919922,320.401123046875,172.38768005371094,146.944580078125,99.56808471679688,126.71200460217213,25.63385888683476,342.29251730725224,233.54603636789432,168.42569385762502,289.27496066999345,-0.4559959471225739,0.17492304742336265,-0.362421214580536,0.8110865950584413,-0.5230526328086852,1.7250796556472778,2.6631906032562256,-2.5573809146881104,0.2183527499437332,-0.4888807833194733,-2.720387458801269,-2.68781852722168,64.50519280962604,128.7782272258087,-0.3765377536183193,2.8353120831614462,246.4811872497446,465.1309368473243,0.7102390213503693,477.72810631369833,352.40524441166275,0.38884480491863815,-2.956377904814348,0.07943196505047391,-2.707232919836145,-0.024842777646622485,1164.0041423044274,141.1138562097403,1.0524672073382462,-0.5725483424953112,0.2962705823564546,-0.6390095848310009,-0.6408934650475936,-0.7212787172347898,0.4783294238949257,-0.14771656228606206,-0.5021283745552262,-0.9225931194798344,-0.9572015982519896,-0.23292550448281815,0.6982746145936936,0.7694084553194845,-0.214384496212606,0.4997556437296559,0.3594875010908761,1.3701459228329036,2.9431269879189053,3.5781966652803088,2.5999133681824307,2.3813253696969414,2.248368190866985,2.4466279569153846,2.8272665655857487,3.377776273304576,2.164115720753333,0.9021029844598476,0.7167574091832641,2.3719281627840325,1.5556347517279658,1.2358021050118633,0.7072335332632065,2.9387402087450027,2.906171277165413,2.2315066754817963,2.1989377439022064,-0.032568931579589844,-2.4448378533124924,2.775733664631844,3.1311139206038874,2.068500131368637,0.8996072451220911,-0.16300654411315918,0.9321761767016808,-0.13043761253356936,-1.0626137892352503,1.0892019826949837,-0.14597643117545522,1.5729165565921863,-1.2351784138704387,0.4837145738972027,1.718892987767641,-0.08622988753888472,0.528776005891078,-1.1754318702338682,-0.5604259768039055,0.0597465436365705,0.6747524370665332,-1.6591464441310708,-1.0441405507011083,0.6150058934299627,0.00024173040583264083,-2.682390142189522,0.24914498497820325,2.931535127167725,0.7406403041819951,-2.860154860808069,0.4914953192037919,2.755564264754728,0.4066539879253068,2.9478186014905288,1.3151546748539285,2.8962724685614303,0.9096032705041338,-0.5777557203345418,-0.2777035207562033,0.3000521995783385,-1.0250473564109053,-0.44729163607636346,-0.7473438356547021,-0.6590919503475604,0.9389792117060572,-0.8762533379742902,0.3255275162093245,-0.922050694548058,0.6309020900199678
347.5577659599488,331.4536381865926,1517.1517636511533,178.2278289794922,40.587486267089844,203.6177520751953,185.70616149902344,181.95550537109366,175.1796112060547,807.20720117814,41.80925487473772,415.06795426287147,279.0621012098735,556.6500048657792,180.40640900339469,2.191248178482057,-0.24475407600402835,-1.3350305557250979,-0.9526069164276124,-1.7793257236480722,-0.22228288650512693,-0.4600849747657776,-2.8731675148010254,2.618613004684448,-1.6253100633621216,1.5908797979354858,2.191500425338745,306.74270766560346,150.39024646184524,2.3449090385728253,-0.6407417380382417,204.45146654327888,341.15732968251734,-1.7408706736967356,1517.1517636511533,185.73853434532097,0.9788142206912472,-1.9338357143538616,-1.27537137029883,-2.719645234989292,1.8853147173649885,2241.4580864107693,228.362347005996,-1.2145879942570401,2.4203632383461384,0.4957392816270334,0.9057385757770414,0.6275194745433035,0.4801669865634472,-0.3494592639962009,0.4707549914704748,-0.957454381688846,0.5447395769131015,-0.6641732099333959,0.3847078464870807,-0.954778899752572,0.1483882950977176,-0.4033942925053996,0.3793290147192517,-0.3939944438677797,2.0748104298579517,1.11965786760698,1.1919029032558892,3.1764642373672047,2.572232091765468,1.6688701371767778,4.681134794042202,1.3472283920026815,3.3528457114641954,1.4346441589492958,4.468994698043222,2.379952349224524,3.585531667090061,1.2187245497384307,3.428859041851131,-2.0392622391330164,1.0277332067489624,0.4271125793457031,3.0669954458819784,2.4663748184787195,-0.6006206274032593,3.078697979450226,-0.7914047876941126,-1.165225088596344,1.2478574514389038,2.0509647727012634,-1.819137994443075,2.6515854001045227,-1.2185173670398155,2.4130825400352482,0.22166318477754252,-0.18027919688181224,0.8356887218349276,-0.4019423816593548,0.614025537057385,1.01596791871674,2.404329572342742,0.8138170120232966,2.1826663875651997,0.592153827245754,2.5846087692245545,0.9940962089051087,1.5686408505078142,-0.021871709811630998,-1.5905125603194454,0.00024173040583264083,1.6782253548253063,-0.7858095206354303,-2.4640348754607357,-2.07890349695105,2.5260564554032303,-1.2930939763156195,1.74158833914403,2.830933154894947,3.3395838881684186,4.584259548370799,4.414452565691951,1.8810388308130803,0.19756471050076074,2.075520623007865,1.877955912507104,2.6032600366562395,2.4056953261554783,0.5277394136483745,0.7853049859047824,-0.5492626493365655,-0.9094997441784216,-0.9546536618950948,-0.9200496843056508,0.7731441093824891
